Колода,Слово,Перевод,Транскрипция,Пример,Перевод примера,Пример 2,Перевод примера 2
Пример: английский,to commute,ездить на работу,kəˈmjuːt,"I commute to work by train.","Я езжу на работу на электричке.","She commutes an hour each way.","Она тратит на дорогу час в одну сторону."
Пример: английский,chores,"домашние дела, рутина",tʃɔːz,"I do the chores on Saturday.","Я делаю домашние дела в субботу.","The chores can wait.","Домашние дела могут подождать."
Пример: английский,groceries,продукты,ˈɡrəʊsəriz,"I forgot to buy groceries.","Я забыл купить продукты.",,
Пример: английский,neighbour,сосед,ˈneɪbə,"Our neighbour is very friendly.","Наш сосед очень дружелюбный.",,
Пример: английский,to borrow,брать взаймы,ˈbɒrəʊ,"Can I borrow your pen?","Можно одолжить твою ручку?","He borrowed money from a friend.","Он занял денег у друга."
Пример: английский,queue,очередь,kjuː,"There was a long queue at the till.","На кассе была длинная очередь.",,
Пример: английский,receipt,чек,rɪˈsiːt,"Keep the receipt, please.","Сохраните чек, пожалуйста.","I lost the receipt.","Я потерял чек."
Пример: английский,tidy,аккуратный,ˈtaɪdi,"Her flat is always tidy.","Её квартира всегда аккуратная.",,
Пример: английский,to afford,позволить себе,əˈfɔːd,"We cannot afford a new car.","Мы не можем позволить себе новую машину.",,
Пример: английский,spare,"свободный, запасной",speə,"Do you have a spare key?","У тебя есть запасной ключ?",,
